time,epoch,batch,loss,cost
0min6sec,0,0,6.263,21.113
0min40sec,0,10,12.419,20.744
0min42sec,0,20,14.451,20.264
0min40sec,0,30,13.371,19.832
0min39sec,0,40,12.537,19.411
0min39sec,0,50,11.061,19.043
0min39sec,0,60,10.155,18.682
0min38sec,0,70,9.126,18.360
0min37sec,0,80,8.153,18.079
0min36sec,0,90,7.366,17.826
0min30sec,0,100,6.660,17.595
0min29sec,0,110,6.013,17.381
0min34sec,0,120,5.546,17.179
0min36sec,0,130,5.097,17.001
0min36sec,0,140,4.710,16.832
0min37sec,0,150,4.371,16.679
0min36sec,0,160,4.040,16.537
0min35sec,0,170,3.706,16.411
0min36sec,0,180,3.501,16.289
0min36sec,0,190,3.278,16.178
0min36sec,0,200,3.059,16.075
0min36sec,0,210,2.853,15.982
0min36sec,0,220,2.660,15.897
0min35sec,0,230,2.503,15.814
0min32sec,0,240,2.362,15.735
0min36sec,0,250,2.208,15.662
0min35sec,0,260,2.090,15.591
0min36sec,0,270,1.964,15.524
0min35sec,0,280,1.838,15.464
0min35sec,0,290,1.734,15.407
0min35sec,0,300,1.630,15.352
0min34sec,0,310,1.558,15.298
0min35sec,0,320,1.471,15.247
0min35sec,0,330,1.401,15.200
0min35sec,0,340,1.341,15.154
0min35sec,0,350,1.246,15.113
0min35sec,0,360,1.187,15.072
0min34sec,0,370,1.137,15.032
0min36sec,0,380,1.054,14.995
0min35sec,0,390,1.006,14.960
0min35sec,0,400,0.939,14.927
0min35sec,0,410,0.886,14.896
0min34sec,0,420,0.841,14.865
0min34sec,0,430,0.801,14.834
0min35sec,0,440,0.749,14.806
0min34sec,0,450,0.714,14.778
0min35sec,0,460,0.689,14.750
0min35sec,0,470,0.655,14.724
0min35sec,0,480,0.621,14.699
0min35sec,0,490,0.584,14.676
0min35sec,0,500,0.574,14.652
0min35sec,0,510,0.553,14.627
0min35sec,0,520,0.532,14.603
0min35sec,0,530,0.495,14.581
0min35sec,0,540,0.473,14.561
0min36sec,0,550,0.441,14.543
0min35sec,0,560,0.446,14.523
0min35sec,0,570,0.425,14.503
0min35sec,0,580,0.406,14.483
0min35sec,0,590,0.380,14.465
0min35sec,0,600,0.357,14.448
0min29sec,0,610,0.341,14.430
0min29sec,0,620,0.320,14.414
0min27sec,0,630,0.311,14.397
0min26sec,0,640,0.304,14.380
0min25sec,0,650,0.284,14.363
0min25sec,0,660,0.273,14.347
0min26sec,0,670,0.260,14.331
0min29sec,0,680,0.252,14.316
0min27sec,0,690,0.243,14.301
0min28sec,0,700,0.236,14.284
0min28sec,0,710,0.223,14.270
0min25sec,0,720,0.210,14.256
0min25sec,0,730,0.204,14.242
0min24sec,0,740,0.193,14.227
0min24sec,0,750,0.187,14.213
0min24sec,0,760,0.183,14.199
0min25sec,0,770,0.168,14.187
0min23sec,0,780,0.163,14.174
0min23sec,0,790,0.156,14.163
0min24sec,0,800,0.160,14.152
0min24sec,0,810,0.153,14.141
0min24sec,0,820,0.152,14.131
0min23sec,0,830,0.146,14.120
0min23sec,0,840,0.137,14.110
0min23sec,0,850,0.126,14.101
0min23sec,0,860,0.126,14.090
0min23sec,0,870,0.131,14.079
0min24sec,0,880,0.115,14.070
0min24sec,0,890,0.109,14.062
0min23sec,0,900,0.117,14.052
0min23sec,0,910,0.120,14.043
0min24sec,0,920,0.116,14.035
0min25sec,0,930,0.111,14.026
0min27sec,0,940,0.110,14.018
0min24sec,0,950,0.110,14.009
0min23sec,0,960,0.104,14.000
0min23sec,0,970,0.093,13.992
0min23sec,0,980,0.095,13.984
0min23sec,0,990,0.091,13.975
0min25sec,0,1000,0.088,13.967
0min26sec,0,1010,0.084,13.959
0min24sec,0,1020,0.084,13.951
0min24sec,0,1030,0.086,13.943
0min24sec,0,1040,0.087,13.935
0min23sec,0,1050,0.083,13.928
0min23sec,0,1060,0.081,13.920
0min23sec,0,1070,0.086,13.912
0min23sec,0,1080,0.083,13.903
0min24sec,0,1090,0.076,13.896
0min23sec,0,1100,0.075,13.889
0min23sec,0,1110,0.076,13.881
0min23sec,0,1120,0.079,13.874
0min24sec,0,1130,0.072,13.868
0min23sec,0,1140,0.068,13.861
0min25sec,0,1150,0.071,13.854
0min23sec,0,1160,0.075,13.847
0min24sec,0,1170,0.072,13.840
0min26sec,0,1180,0.072,13.834
0min27sec,0,1190,0.068,13.827
0min25sec,0,1200,0.068,13.821
0min25sec,0,1210,0.067,13.814
0min25sec,0,1220,0.066,13.808
0min24sec,0,1230,0.064,13.802
0min23sec,0,1240,0.065,13.796
0min26sec,0,1250,0.061,13.791
0min26sec,0,1260,0.061,13.785
0min26sec,0,1270,0.064,13.779
0min24sec,0,1280,0.062,13.773
0min26sec,0,1290,0.062,13.768
0min26sec,0,1300,0.060,13.762
0min26sec,0,1310,0.059,13.756
0min28sec,0,1320,0.057,13.750
0min25sec,0,1330,0.056,13.745
0min28sec,0,1340,0.053,13.739
0min27sec,0,1350,0.052,13.733
0min26sec,0,1360,0.039,13.729
0min24sec,0,1370,0.041,13.723
0min24sec,0,1380,0.039,13.718
0min25sec,0,1390,0.034,13.712
0min25sec,0,1400,0.032,13.707
0min26sec,0,1410,0.032,13.702
0min24sec,0,1420,0.030,13.696
0min23sec,0,1430,0.025,13.691
0min23sec,0,1440,0.025,13.686
0min23sec,0,1450,0.021,13.681
0min23sec,0,1460,0.021,13.677
0min24sec,0,1470,0.021,13.671
0min26sec,0,1480,0.019,13.666
0min25sec,0,1490,0.019,13.661
0min25sec,0,1500,0.018,13.656
0min26sec,0,1510,0.021,13.652
0min24sec,0,1520,0.021,13.647
0min25sec,0,1530,0.019,13.641
0min24sec,0,1540,0.013,13.637
0min23sec,0,1550,0.010,13.632
0min23sec,0,1560,0.005,13.628
0min24sec,0,1570,0.007,13.623
0min23sec,0,1580,0.003,13.619
0min24sec,0,1590,0.003,13.615
0min24sec,0,1600,0.005,13.610
0min23sec,0,1610,0.006,13.606
0min23sec,0,1620,0.009,13.601
0min23sec,0,1630,0.006,13.596
0min23sec,0,1640,0.004,13.592
0min23sec,0,1650,0.004,13.588
0min23sec,0,1660,0.007,13.583
0min23sec,0,1670,0.009,13.579
0min23sec,0,1680,0.008,13.574
0min23sec,0,1690,0.005,13.570
0min27sec,0,1700,0.008,13.565
0min30sec,0,1710,0.004,13.562
0min24sec,0,1720,0.005,13.558
0min26sec,0,1730,0.005,13.553
0min27sec,0,1740,0.008,13.549
0min24sec,0,1750,0.005,13.545
0min24sec,0,1760,0.007,13.541
0min24sec,0,1770,0.009,13.537
0min23sec,0,1780,0.010,13.533
0min23sec,0,1790,0.015,13.529
0min23sec,0,1800,0.016,13.525
0min23sec,0,1810,0.018,13.521
0min23sec,0,1820,0.018,13.517
0min23sec,0,1830,0.021,13.512
0min27sec,0,1840,0.021,13.508
0min24sec,0,1850,0.019,13.504
0min25sec,0,1860,0.021,13.500
0min26sec,0,1870,0.023,13.496
0min25sec,0,1880,0.022,13.493
0min27sec,0,1890,0.019,13.490
0min25sec,0,1900,0.022,13.486
0min26sec,0,1910,0.021,13.483
0min25sec,0,1920,0.022,13.479
0min23sec,0,1930,0.020,13.475
0min23sec,0,1940,0.016,13.472
0min23sec,0,1950,0.017,13.468
0min23sec,0,1960,0.018,13.464
0min23sec,0,1970,0.018,13.461
0min23sec,0,1980,0.019,13.457
0min22sec,0,1990,0.017,13.454
0min23sec,0,2000,0.016,13.450
0min24sec,0,2010,0.017,13.447
0min23sec,0,2020,0.017,13.443
0min22sec,0,2030,0.014,13.439
0min22sec,0,2040,0.013,13.436
0min23sec,0,2050,0.017,13.433
0min22sec,0,2060,0.017,13.430
0min22sec,0,2070,0.019,13.426
0min23sec,0,2080,0.015,13.423
0min23sec,0,2090,0.013,13.419
0min23sec,0,2100,0.013,13.416
0min22sec,0,2110,0.014,13.412
0min23sec,0,2120,0.011,13.409
0min23sec,0,2130,0.010,13.406
0min23sec,0,2140,0.009,13.402
0min29sec,0,2150,0.009,13.399
0min26sec,0,2160,0.007,13.396
0min25sec,0,2170,0.009,13.393
0min25sec,0,2180,0.012,13.390
0min26sec,0,2190,0.012,13.387
0min25sec,0,2200,0.012,13.384
0min26sec,0,2210,0.016,13.381
0min23sec,0,2220,0.016,13.378
0min23sec,0,2230,0.015,13.375
0min22sec,0,2240,0.015,13.372
0min23sec,0,2250,0.015,13.370
0min25sec,0,2260,0.013,13.367
0min24sec,0,2270,0.013,13.364
0min24sec,0,2280,0.011,13.361
0min25sec,0,2290,0.011,13.358
0min23sec,0,2300,0.011,13.355
0min24sec,0,2310,0.009,13.352
0min23sec,0,2320,0.009,13.349
0min23sec,0,2330,0.008,13.347
0min22sec,0,2340,0.011,13.343
0min23sec,0,2350,0.011,13.340
0min23sec,0,2360,0.009,13.337
0min23sec,0,2370,0.007,13.335
0min22sec,0,2380,0.008,13.332
0min23sec,0,2390,0.005,13.330
0min24sec,0,2400,0.006,13.327
0min24sec,0,2410,0.007,13.324
0min23sec,0,2420,0.006,13.321
0min26sec,0,2430,0.006,13.319
0min24sec,0,2440,0.007,13.316
0min23sec,0,2450,0.008,13.313
0min24sec,0,2460,0.005,13.311
0min24sec,0,2470,0.005,13.309
0min23sec,0,2480,0.007,13.306
0min23sec,0,2490,0.005,13.303
39min31sec,1,0,-3.461,12.510
0min22sec,1,10,-4.403,12.646
0min22sec,1,20,-3.455,12.587
0min23sec,1,30,-3.801,12.595
0min23sec,1,40,-4.060,12.612
0min22sec,1,50,-3.980,12.615
0min22sec,1,60,-3.973,12.624
0min22sec,1,70,-4.362,12.651
0min22sec,1,80,-4.480,12.665
0min23sec,1,90,-4.703,12.683
0min22sec,1,100,-4.814,12.697
0min22sec,1,110,-4.921,12.707
0min23sec,1,120,-5.064,12.719
0min23sec,1,130,-5.118,12.724
0min22sec,1,140,-5.170,12.728
0min22sec,1,150,-5.300,12.738
0min22sec,1,160,-5.354,12.741
0min22sec,1,170,-5.263,12.734
0min23sec,1,180,-5.389,12.743
0min22sec,1,190,-5.348,12.742
0min23sec,1,200,-5.431,12.745
0min23sec,1,210,-5.471,12.749
0min22sec,1,220,-5.472,12.747
0min22sec,1,230,-5.428,12.744
0min23sec,1,240,-5.467,12.747
0min23sec,1,250,-5.507,12.751
0min23sec,1,260,-5.482,12.748
0min22sec,1,270,-5.477,12.746
0min22sec,1,280,-5.461,12.744
0min22sec,1,290,-5.420,12.742
0min22sec,1,300,-5.356,12.736
0min23sec,1,310,-5.331,12.732
0min22sec,1,320,-5.335,12.730
0min22sec,1,330,-5.264,12.725
0min22sec,1,340,-5.239,12.722
0min22sec,1,350,-5.221,12.720
0min22sec,1,360,-5.201,12.718
0min22sec,1,370,-5.180,12.717
0min23sec,1,380,-5.217,12.719
0min23sec,1,390,-5.229,12.720
0min22sec,1,400,-5.259,12.721
0min22sec,1,410,-5.287,12.722
0min22sec,1,420,-5.295,12.722
0min22sec,1,430,-5.296,12.721
0min23sec,1,440,-5.290,12.719
0min23sec,1,450,-5.269,12.717
0min22sec,1,460,-5.299,12.716
0min22sec,1,470,-5.280,12.715
0min23sec,1,480,-5.290,12.715
0min23sec,1,490,-5.307,12.718
0min22sec,1,500,-5.283,12.716
0min23sec,1,510,-5.248,12.714
0min22sec,1,520,-5.222,12.712
0min22sec,1,530,-5.213,12.711
0min22sec,1,540,-5.174,12.708
0min22sec,1,550,-5.121,12.705
0min22sec,1,560,-5.090,12.703
0min22sec,1,570,-5.082,12.702
0min22sec,1,580,-5.050,12.700
0min22sec,1,590,-5.028,12.698
0min23sec,1,600,-5.001,12.696
0min23sec,1,610,-4.989,12.695
0min22sec,1,620,-4.982,12.693
0min22sec,1,630,-4.966,12.692
0min23sec,1,640,-4.957,12.692
0min22sec,1,650,-4.943,12.690
0min22sec,1,660,-4.920,12.688
0min22sec,1,670,-4.908,12.687
0min22sec,1,680,-4.885,12.685
0min22sec,1,690,-4.856,12.683
0min22sec,1,700,-4.867,12.683
0min23sec,1,710,-4.859,12.682
0min23sec,1,720,-4.842,12.680
0min23sec,1,730,-4.849,12.680
0min23sec,1,740,-4.855,12.680
0min23sec,1,750,-4.865,12.679
0min22sec,1,760,-4.840,12.676
0min22sec,1,770,-4.813,12.674
0min22sec,1,780,-4.801,12.674
0min22sec,1,790,-4.810,12.675
0min22sec,1,800,-4.813,12.676
0min22sec,1,810,-4.817,12.676
0min22sec,1,820,-4.811,12.676
0min22sec,1,830,-4.808,12.676
0min23sec,1,840,-4.800,12.676
0min22sec,1,850,-4.792,12.675
0min23sec,1,860,-4.785,12.674
0min23sec,1,870,-4.799,12.675
0min23sec,1,880,-4.845,12.677
0min24sec,1,890,-4.894,12.680
0min23sec,1,900,-4.922,12.681
0min22sec,1,910,-4.924,12.681
0min22sec,1,920,-4.944,12.682
0min22sec,1,930,-4.933,12.681
0min22sec,1,940,-4.924,12.680
0min22sec,1,950,-4.897,12.677
0min23sec,1,960,-4.874,12.676
0min23sec,1,970,-4.870,12.675
0min23sec,1,980,-4.856,12.673
0min23sec,1,990,-4.845,12.672
0min23sec,1,1000,-4.831,12.670
0min23sec,1,1010,-4.824,12.669
0min23sec,1,1020,-4.834,12.669
0min23sec,1,1030,-4.844,12.669
0min22sec,1,1040,-4.828,12.668
0min22sec,1,1050,-4.805,12.666
0min22sec,1,1060,-4.794,12.665
0min22sec,1,1070,-4.797,12.664
0min23sec,1,1080,-4.807,12.664
0min23sec,1,1090,-4.815,12.664
0min22sec,1,1100,-4.819,12.664
0min22sec,1,1110,-4.824,12.664
0min22sec,1,1120,-4.806,12.662
0min23sec,1,1130,-4.800,12.661
0min22sec,1,1140,-4.802,12.661
0min23sec,1,1150,-4.807,12.661
0min23sec,1,1160,-4.806,12.660
0min23sec,1,1170,-4.830,12.661
0min23sec,1,1180,-4.854,12.663
0min22sec,1,1190,-4.851,12.663
0min23sec,1,1200,-4.858,12.663
0min22sec,1,1210,-4.866,12.664
0min22sec,1,1220,-4.858,12.664
0min22sec,1,1230,-4.858,12.663
0min22sec,1,1240,-4.856,12.663
0min22sec,1,1250,-4.853,12.663
0min24sec,1,1260,-4.849,12.663
0min22sec,1,1270,-4.841,12.663
0min22sec,1,1280,-4.840,12.663
0min22sec,1,1290,-4.823,12.662
0min22sec,1,1300,-4.801,12.661
0min22sec,1,1310,-4.784,12.659
0min22sec,1,1320,-4.778,12.659
0min22sec,1,1330,-4.772,12.658
0min22sec,1,1340,-4.769,12.658
0min22sec,1,1350,-4.779,12.658
0min22sec,1,1360,-4.792,12.659
0min22sec,1,1370,-4.781,12.659
0min22sec,1,1380,-4.774,12.658
0min22sec,1,1390,-4.776,12.657
0min23sec,1,1400,-4.774,12.657
0min23sec,1,1410,-4.761,12.656
0min22sec,1,1420,-4.761,12.656
0min22sec,1,1430,-4.757,12.656
0min22sec,1,1440,-4.753,12.655
0min22sec,1,1450,-4.759,12.655
0min22sec,1,1460,-4.769,12.656
0min23sec,1,1470,-4.787,12.657
0min23sec,1,1480,-4.795,12.658
0min22sec,1,1490,-4.787,12.657
0min22sec,1,1500,-4.776,12.656
0min22sec,1,1510,-4.770,12.655
0min22sec,1,1520,-4.760,12.654
0min22sec,1,1530,-4.758,12.654
0min22sec,1,1540,-4.748,12.653
0min22sec,1,1550,-4.740,12.653
0min22sec,1,1560,-4.731,12.652
0min22sec,1,1570,-4.717,12.651
0min22sec,1,1580,-4.718,12.651
0min22sec,1,1590,-4.715,12.650
0min22sec,1,1600,-4.709,12.650
0min22sec,1,1610,-4.697,12.649
0min22sec,1,1620,-4.692,12.648
0min22sec,1,1630,-4.695,12.648
0min22sec,1,1640,-4.693,12.648
0min23sec,1,1650,-4.694,12.648
0min24sec,1,1660,-4.703,12.649
0min23sec,1,1670,-4.708,12.649
0min22sec,1,1680,-4.711,12.649
0min22sec,1,1690,-4.701,12.648
0min22sec,1,1700,-4.694,12.648
0min22sec,1,1710,-4.694,12.647
0min22sec,1,1720,-4.690,12.647
0min22sec,1,1730,-4.680,12.646
0min22sec,1,1740,-4.667,12.645
0min22sec,1,1750,-4.659,12.645
0min22sec,1,1760,-4.656,12.644
0min22sec,1,1770,-4.664,12.645
0min22sec,1,1780,-4.658,12.644
0min22sec,1,1790,-4.647,12.643
0min22sec,1,1800,-4.641,12.642
0min22sec,1,1810,-4.631,12.641
0min22sec,1,1820,-4.619,12.640
0min22sec,1,1830,-4.605,12.639
0min22sec,1,1840,-4.591,12.637
0min22sec,1,1850,-4.576,12.637
0min22sec,1,1860,-4.564,12.635
0min23sec,1,1870,-4.563,12.635
0min22sec,1,1880,-4.552,12.634
0min22sec,1,1890,-4.543,12.634
0min22sec,1,1900,-4.535,12.633
0min22sec,1,1910,-4.523,12.632
0min22sec,1,1920,-4.514,12.631
0min22sec,1,1930,-4.507,12.630
0min22sec,1,1940,-4.497,12.630
0min23sec,1,1950,-4.487,12.629
0min22sec,1,1960,-4.478,12.628
0min22sec,1,1970,-4.469,12.627
0min22sec,1,1980,-4.462,12.627
0min22sec,1,1990,-4.460,12.626
0min22sec,1,2000,-4.463,12.627
0min22sec,1,2010,-4.454,12.626
0min22sec,1,2020,-4.440,12.625
0min22sec,1,2030,-4.433,12.624
0min22sec,1,2040,-4.416,12.623
0min22sec,1,2050,-4.407,12.622
0min22sec,1,2060,-4.406,12.622
0min22sec,1,2070,-4.406,12.622
0min22sec,1,2080,-4.404,12.622
0min22sec,1,2090,-4.395,12.621
0min22sec,1,2100,-4.383,12.619
0min22sec,1,2110,-4.366,12.618
0min22sec,1,2120,-4.354,12.617
0min22sec,1,2130,-4.346,12.617
0min21sec,1,2140,-4.345,12.617
0min22sec,1,2150,-4.337,12.616
0min22sec,1,2160,-4.328,12.616
0min23sec,1,2170,-4.327,12.615
0min22sec,1,2180,-4.318,12.615
0min22sec,1,2190,-4.314,12.614
0min22sec,1,2200,-4.308,12.614
0min22sec,1,2210,-4.295,12.613
0min22sec,1,2220,-4.289,12.613
0min22sec,1,2230,-4.284,12.613
0min22sec,1,2240,-4.269,12.612
0min22sec,1,2250,-4.259,12.611
0min22sec,1,2260,-4.250,12.611
0min22sec,1,2270,-4.244,12.610
0min22sec,1,2280,-4.236,12.609
0min22sec,1,2290,-4.225,12.608
0min22sec,1,2300,-4.217,12.607
0min22sec,1,2310,-4.209,12.606
0min22sec,1,2320,-4.202,12.605
0min22sec,1,2330,-4.195,12.605
0min22sec,1,2340,-4.186,12.604
0min22sec,1,2350,-4.179,12.604
0min22sec,1,2360,-4.172,12.603
0min22sec,1,2370,-4.158,12.602
0min22sec,1,2380,-4.149,12.602
0min22sec,1,2390,-4.149,12.602
0min22sec,1,2400,-4.139,12.601
0min22sec,1,2410,-4.129,12.600
0min22sec,1,2420,-4.121,12.599
0min23sec,1,2430,-4.127,12.600
0min22sec,1,2440,-4.126,12.600
0min22sec,1,2450,-4.129,12.600
0min23sec,1,2460,-4.130,12.600
0min22sec,1,2470,-4.122,12.599
0min22sec,1,2480,-4.119,12.599
0min22sec,1,2490,-4.114,12.599
39min2sec,2,0,-1.778,12.501
0min22sec,2,10,-3.980,12.526
0min22sec,2,20,-3.706,12.519
0min22sec,2,30,-3.464,12.507
0min22sec,2,40,-3.285,12.499
0min22sec,2,50,-3.280,12.491
0min22sec,2,60,-3.184,12.475
0min22sec,2,70,-3.153,12.475
0min22sec,2,80,-3.088,12.475
0min22sec,2,90,-3.058,12.470
0min22sec,2,100,-2.878,12.460
0min23sec,2,110,-2.990,12.470
0min23sec,2,120,-3.016,12.482
0min23sec,2,130,-3.134,12.490
0min22sec,2,140,-3.174,12.491
0min22sec,2,150,-3.168,12.488
0min22sec,2,160,-3.097,12.482
0min22sec,2,170,-3.064,12.478
0min22sec,2,180,-2.983,12.470
0min22sec,2,190,-2.884,12.463
0min22sec,2,200,-2.840,12.458
0min22sec,2,210,-2.816,12.452
0min22sec,2,220,-2.730,12.447
0min23sec,2,230,-2.760,12.450
0min22sec,2,240,-2.744,12.448
0min22sec,2,250,-2.721,12.447
0min22sec,2,260,-2.665,12.443
0min22sec,2,270,-2.613,12.438
0min22sec,2,280,-2.581,12.435
0min22sec,2,290,-2.562,12.433
0min22sec,2,300,-2.539,12.431
0min22sec,2,310,-2.505,12.430
0min22sec,2,320,-2.492,12.431
0min23sec,2,330,-2.536,12.434
0min22sec,2,340,-2.535,12.435
0min22sec,2,350,-2.541,12.436
0min23sec,2,360,-2.562,12.438
0min22sec,2,370,-2.559,12.438
0min22sec,2,380,-2.524,12.435
0min23sec,2,390,-2.511,12.434
0min23sec,2,400,-2.536,12.436
0min24sec,2,410,-2.614,12.441
0min24sec,2,420,-2.708,12.447
0min23sec,2,430,-2.758,12.451
0min22sec,2,440,-2.746,12.451
0min23sec,2,450,-2.745,12.451
0min22sec,2,460,-2.757,12.451
0min22sec,2,470,-2.745,12.449
0min23sec,2,480,-2.734,12.448
0min24sec,2,490,-2.781,12.451
0min23sec,2,500,-2.787,12.450
0min23sec,2,510,-2.806,12.451
0min23sec,2,520,-2.812,12.450
0min22sec,2,530,-2.813,12.449
0min22sec,2,540,-2.798,12.449
0min23sec,2,550,-2.804,12.449
0min23sec,2,560,-2.781,12.448
0min22sec,2,570,-2.776,12.448
0min23sec,2,580,-2.766,12.447
0min23sec,2,590,-2.748,12.446
0min23sec,2,600,-2.763,12.447
0min23sec,2,610,-2.773,12.447
0min23sec,2,620,-2.763,12.447
0min23sec,2,630,-2.767,12.448
0min23sec,2,640,-2.768,12.449
0min23sec,2,650,-2.751,12.448
0min22sec,2,660,-2.731,12.447
0min22sec,2,670,-2.720,12.446
0min23sec,2,680,-2.746,12.447
0min23sec,2,690,-2.739,12.445
0min23sec,2,700,-2.715,12.443
0min23sec,2,710,-2.713,12.443
0min23sec,2,720,-2.677,12.440
0min23sec,2,730,-2.652,12.438
0min22sec,2,740,-2.647,12.437
0min23sec,2,750,-2.681,12.439
0min24sec,2,760,-2.714,12.441
0min22sec,2,770,-2.700,12.440
0min22sec,2,780,-2.702,12.440
0min22sec,2,790,-2.699,12.439
0min23sec,2,800,-2.712,12.441
0min23sec,2,810,-2.734,12.443
0min23sec,2,820,-2.759,12.445
0min22sec,2,830,-2.761,12.446
0min22sec,2,840,-2.762,12.446
0min23sec,2,850,-2.756,12.446
0min22sec,2,860,-2.754,12.446
0min22sec,2,870,-2.760,12.447
0min22sec,2,880,-2.748,12.446
0min22sec,2,890,-2.750,12.447
0min22sec,2,900,-2.740,12.446
0min22sec,2,910,-2.734,12.445
0min22sec,2,920,-2.720,12.444
0min22sec,2,930,-2.703,12.443
0min22sec,2,940,-2.690,12.443
0min22sec,2,950,-2.672,12.441
0min22sec,2,960,-2.655,12.440
0min23sec,2,970,-2.654,12.439
0min23sec,2,980,-2.664,12.439
0min23sec,2,990,-2.664,12.439
0min23sec,2,1000,-2.655,12.438
0min23sec,2,1010,-2.645,12.437
0min22sec,2,1020,-2.652,12.438
0min22sec,2,1030,-2.657,12.438
0min22sec,2,1040,-2.656,12.438
0min23sec,2,1050,-2.657,12.438
0min22sec,2,1060,-2.672,12.439
0min22sec,2,1070,-2.663,12.439
0min22sec,2,1080,-2.653,12.438
0min22sec,2,1090,-2.642,12.437
0min22sec,2,1100,-2.633,12.437
0min22sec,2,1110,-2.624,12.437
0min22sec,2,1120,-2.627,12.437
0min22sec,2,1130,-2.630,12.437
0min22sec,2,1140,-2.638,12.437
0min22sec,2,1150,-2.627,12.436
0min22sec,2,1160,-2.615,12.434
0min22sec,2,1170,-2.596,12.433
0min22sec,2,1180,-2.595,12.433
0min22sec,2,1190,-2.589,12.432
0min22sec,2,1200,-2.586,12.431
0min22sec,2,1210,-2.588,12.431
0min22sec,2,1220,-2.589,12.431
0min23sec,2,1230,-2.586,12.431
0min23sec,2,1240,-2.581,12.430
0min23sec,2,1250,-2.580,12.429
0min22sec,2,1260,-2.571,12.428
0min22sec,2,1270,-2.564,12.428
0min22sec,2,1280,-2.552,12.426
0min22sec,2,1290,-2.530,12.425
0min23sec,2,1300,-2.523,12.423
0min22sec,2,1310,-2.512,12.423
0min22sec,2,1320,-2.505,12.422
0min22sec,2,1330,-2.493,12.420
0min23sec,2,1340,-2.494,12.420
0min22sec,2,1350,-2.496,12.420
0min22sec,2,1360,-2.509,12.421
0min22sec,2,1370,-2.521,12.421
0min22sec,2,1380,-2.525,12.421
0min23sec,2,1390,-2.538,12.421
0min22sec,2,1400,-2.542,12.422
0min22sec,2,1410,-2.538,12.421
0min22sec,2,1420,-2.530,12.421
0min22sec,2,1430,-2.522,12.420
0min22sec,2,1440,-2.513,12.420
0min22sec,2,1450,-2.502,12.419
0min22sec,2,1460,-2.504,12.419
0min22sec,2,1470,-2.504,12.420
0min22sec,2,1480,-2.507,12.420
0min22sec,2,1490,-2.503,12.419
0min22sec,2,1500,-2.510,12.419
0min22sec,2,1510,-2.508,12.418
0min22sec,2,1520,-2.495,12.417
0min22sec,2,1530,-2.490,12.416
0min22sec,2,1540,-2.496,12.416
0min22sec,2,1550,-2.492,12.416
0min22sec,2,1560,-2.485,12.416
0min23sec,2,1570,-2.476,12.415
0min22sec,2,1580,-2.464,12.415
0min22sec,2,1590,-2.453,12.414
0min23sec,2,1600,-2.450,12.414
0min23sec,2,1610,-2.440,12.413
0min22sec,2,1620,-2.427,12.412
0min22sec,2,1630,-2.421,12.412
0min22sec,2,1640,-2.411,12.412
0min22sec,2,1650,-2.401,12.411
0min23sec,2,1660,-2.399,12.411
0min23sec,2,1670,-2.399,12.411
0min22sec,2,1680,-2.400,12.412
0min22sec,2,1690,-2.399,12.412
0min22sec,2,1700,-2.399,12.412
0min22sec,2,1710,-2.393,12.411
0min22sec,2,1720,-2.386,12.411
0min22sec,2,1730,-2.380,12.410
0min22sec,2,1740,-2.388,12.410
0min23sec,2,1750,-2.397,12.411
0min23sec,2,1760,-2.414,12.412
0min22sec,2,1770,-2.422,12.412
0min22sec,2,1780,-2.424,12.412
0min22sec,2,1790,-2.422,12.412
0min24sec,2,1800,-2.412,12.411
0min22sec,2,1810,-2.405,12.410
0min22sec,2,1820,-2.398,12.410
0min22sec,2,1830,-2.387,12.409
0min22sec,2,1840,-2.383,12.409
0min22sec,2,1850,-2.388,12.409
0min23sec,2,1860,-2.396,12.409
0min22sec,2,1870,-2.393,12.409
0min22sec,2,1880,-2.391,12.409
0min22sec,2,1890,-2.385,12.408
0min22sec,2,1900,-2.374,12.407
0min22sec,2,1910,-2.369,12.406
0min22sec,2,1920,-2.360,12.406
0min22sec,2,1930,-2.353,12.405
0min22sec,2,1940,-2.348,12.405
0min22sec,2,1950,-2.349,12.404
0min23sec,2,1960,-2.355,12.405
0min23sec,2,1970,-2.357,12.404
0min22sec,2,1980,-2.355,12.404
0min22sec,2,1990,-2.357,12.404
0min22sec,2,2000,-2.358,12.404
0min22sec,2,2010,-2.350,12.404
0min22sec,2,2020,-2.341,12.403
0min22sec,2,2030,-2.331,12.402
0min22sec,2,2040,-2.326,12.401
0min22sec,2,2050,-2.318,12.401
0min22sec,2,2060,-2.316,12.401
0min22sec,2,2070,-2.315,12.401
0min22sec,2,2080,-2.308,12.400
0min22sec,2,2090,-2.296,12.399
0min23sec,2,2100,-2.292,12.398
0min22sec,2,2110,-2.280,12.397
0min22sec,2,2120,-2.274,12.397
0min22sec,2,2130,-2.265,12.396
0min22sec,2,2140,-2.258,12.396
0min22sec,2,2150,-2.246,12.396
0min22sec,2,2160,-2.244,12.396
0min22sec,2,2170,-2.241,12.396
0min23sec,2,2180,-2.239,12.396
0min23sec,2,2190,-2.242,12.396
0min23sec,2,2200,-2.237,12.396
0min23sec,2,2210,-2.231,12.395
0min22sec,2,2220,-2.226,12.395
0min22sec,2,2230,-2.221,12.394
0min22sec,2,2240,-2.220,12.393
0min22sec,2,2250,-2.208,12.392
0min22sec,2,2260,-2.201,12.392
0min22sec,2,2270,-2.193,12.391
0min22sec,2,2280,-2.189,12.391
0min22sec,2,2290,-2.182,12.391
0min22sec,2,2300,-2.173,12.390
0min23sec,2,2310,-2.171,12.390
0min23sec,2,2320,-2.174,12.390
0min23sec,2,2330,-2.172,12.390
0min22sec,2,2340,-2.166,12.390
0min23sec,2,2350,-2.165,12.389
0min22sec,2,2360,-2.164,12.389
0min22sec,2,2370,-2.162,12.389
0min22sec,2,2380,-2.157,12.388
0min22sec,2,2390,-2.156,12.388
0min23sec,2,2400,-2.160,12.388
0min22sec,2,2410,-2.158,12.388
0min22sec,2,2420,-2.157,12.388
0min22sec,2,2430,-2.154,12.387
0min22sec,2,2440,-2.151,12.387
0min22sec,2,2450,-2.142,12.386
0min22sec,2,2460,-2.135,12.385
0min22sec,2,2470,-2.127,12.385
0min22sec,2,2480,-2.118,12.384
0min22sec,2,2490,-2.115,12.384
39min2sec,3,0,-5.410,12.567
0min22sec,3,10,-3.119,12.279
0min22sec,3,20,-3.057,12.256
0min23sec,3,30,-2.841,12.242
0min22sec,3,40,-2.762,12.230
0min22sec,3,50,-2.662,12.217
0min22sec,3,60,-2.782,12.222
0min22sec,3,70,-2.763,12.227
0min23sec,3,80,-2.846,12.235
0min23sec,3,90,-2.841,12.235
0min22sec,3,100,-2.858,12.233
0min23sec,3,110,-2.909,12.237
0min22sec,3,120,-2.839,12.232
0min22sec,3,130,-2.780,12.231
0min22sec,3,140,-2.957,12.248
0min22sec,3,150,-3.156,12.265
0min22sec,3,160,-3.259,12.268
0min22sec,3,170,-3.292,12.270
0min22sec,3,180,-3.274,12.270
0min22sec,3,190,-3.318,12.273
0min22sec,3,200,-3.314,12.274
0min22sec,3,210,-3.322,12.274
0min22sec,3,220,-3.282,12.272
0min22sec,3,230,-3.272,12.268
0min22sec,3,240,-3.240,12.266
0min23sec,3,250,-3.284,12.269
0min23sec,3,260,-3.318,12.273
0min23sec,3,270,-3.366,12.278
0min22sec,3,280,-3.328,12.275
0min22sec,3,290,-3.327,12.278
0min22sec,3,300,-3.318,12.279
0min22sec,3,310,-3.349,12.281
0min23sec,3,320,-3.367,12.284
0min23sec,3,330,-3.369,12.284
0min22sec,3,340,-3.350,12.282
0min23sec,3,350,-3.342,12.282
0min23sec,3,360,-3.387,12.284
0min22sec,3,370,-3.433,12.286
0min23sec,3,380,-3.429,12.285
0min22sec,3,390,-3.424,12.282
0min22sec,3,400,-3.407,12.281
0min22sec,3,410,-3.360,12.278
0min22sec,3,420,-3.333,12.275
0min22sec,3,430,-3.309,12.275
0min22sec,3,440,-3.302,12.275
0min22sec,3,450,-3.261,12.273
0min22sec,3,460,-3.232,12.271
0min22sec,3,470,-3.220,12.271
0min22sec,3,480,-3.200,12.269
0min22sec,3,490,-3.184,12.267
0min22sec,3,500,-3.175,12.267
0min22sec,3,510,-3.155,12.265
0min22sec,3,520,-3.131,12.264
0min22sec,3,530,-3.097,12.261
0min22sec,3,540,-3.066,12.259
0min23sec,3,550,-3.076,12.261
0min23sec,3,560,-3.089,12.262
0min22sec,3,570,-3.071,12.262
0min22sec,3,580,-3.064,12.262
0min22sec,3,590,-3.047,12.261
0min22sec,3,600,-3.049,12.261
0min22sec,3,610,-3.038,12.259
0min22sec,3,620,-3.033,12.257
0min22sec,3,630,-3.035,12.256
0min22sec,3,640,-3.023,12.256
0min22sec,3,650,-3.008,12.256
0min22sec,3,660,-2.991,12.255
0min22sec,3,670,-2.977,12.254
0min22sec,3,680,-2.956,12.252
0min22sec,3,690,-2.952,12.252
0min22sec,3,700,-2.960,12.253
0min22sec,3,710,-2.968,12.254
0min22sec,3,720,-2.955,12.253
0min22sec,3,730,-2.959,12.253
0min22sec,3,740,-2.969,12.254
0min22sec,3,750,-2.971,12.255
0min22sec,3,760,-2.967,12.254
0min22sec,3,770,-2.956,12.254
0min22sec,3,780,-2.953,12.253
0min22sec,3,790,-2.942,12.251
0min22sec,3,800,-2.945,12.252
0min22sec,3,810,-2.962,12.253
0min23sec,3,820,-2.963,12.254
0min22sec,3,830,-2.950,12.253
0min23sec,3,840,-2.941,12.252
0min22sec,3,850,-2.924,12.251
0min22sec,3,860,-2.916,12.250
0min23sec,3,870,-2.930,12.251
0min22sec,3,880,-2.923,12.250
0min22sec,3,890,-2.915,12.250
0min23sec,3,900,-2.923,12.250
0min23sec,3,910,-2.922,12.250
0min22sec,3,920,-2.925,12.250
0min22sec,3,930,-2.930,12.250
0min22sec,3,940,-2.938,12.251
0min23sec,3,950,-2.986,12.255
0min23sec,3,960,-3.003,12.257
0min23sec,3,970,-3.016,12.257
0min23sec,3,980,-3.019,12.258
0min22sec,3,990,-3.040,12.260
0min23sec,3,1000,-3.054,12.261
0min23sec,3,1010,-3.065,12.262
0min23sec,3,1020,-3.076,12.264
0min23sec,3,1030,-3.092,12.265
0min22sec,3,1040,-3.092,12.266
0min22sec,3,1050,-3.084,12.266
0min22sec,3,1060,-3.081,12.266
0min22sec,3,1070,-3.087,12.267
0min22sec,3,1080,-3.113,12.269
0min22sec,3,1090,-3.127,12.271
0min22sec,3,1100,-3.119,12.270
0min22sec,3,1110,-3.120,12.270
0min22sec,3,1120,-3.124,12.270
0min23sec,3,1130,-3.129,12.271
0min23sec,3,1140,-3.126,12.270
0min22sec,3,1150,-3.120,12.270
0min23sec,3,1160,-3.109,12.269
0min22sec,3,1170,-3.107,12.269
0min22sec,3,1180,-3.093,12.268
0min22sec,3,1190,-3.085,12.267
0min22sec,3,1200,-3.076,12.267
0min22sec,3,1210,-3.072,12.266
0min22sec,3,1220,-3.069,12.265
0min22sec,3,1230,-3.067,12.265
0min22sec,3,1240,-3.059,12.264
0min22sec,3,1250,-3.062,12.265
0min22sec,3,1260,-3.057,12.265
0min22sec,3,1270,-3.060,12.264
0min22sec,3,1280,-3.077,12.265
0min22sec,3,1290,-3.080,12.265
0min22sec,3,1300,-3.090,12.266
0min23sec,3,1310,-3.096,12.266
0min22sec,3,1320,-3.100,12.267
0min22sec,3,1330,-3.103,12.267
0min22sec,3,1340,-3.101,12.267
0min22sec,3,1350,-3.094,12.266
0min22sec,3,1360,-3.092,12.266
0min23sec,3,1370,-3.096,12.266
0min22sec,3,1380,-3.098,12.266
0min22sec,3,1390,-3.096,12.266
0min22sec,3,1400,-3.093,12.265
0min22sec,3,1410,-3.090,12.264
0min23sec,3,1420,-3.086,12.264
0min22sec,3,1430,-3.083,12.263
0min22sec,3,1440,-3.075,12.262
0min22sec,3,1450,-3.071,12.261
0min22sec,3,1460,-3.063,12.261
0min22sec,3,1470,-3.066,12.261
0min23sec,3,1480,-3.067,12.261
0min22sec,3,1490,-3.066,12.261
0min22sec,3,1500,-3.072,12.261
0min22sec,3,1510,-3.076,12.261
0min22sec,3,1520,-3.075,12.261
0min22sec,3,1530,-3.070,12.261
0min22sec,3,1540,-3.065,12.260
0min22sec,3,1550,-3.059,12.260
0min22sec,3,1560,-3.062,12.261
0min22sec,3,1570,-3.063,12.261
0min22sec,3,1580,-3.059,12.261
0min22sec,3,1590,-3.055,12.261
0min22sec,3,1600,-3.060,12.262
0min22sec,3,1610,-3.063,12.262
0min22sec,3,1620,-3.068,12.263
0min22sec,3,1630,-3.069,12.263
0min22sec,3,1640,-3.068,12.263
0min22sec,3,1650,-3.067,12.262
0min22sec,3,1660,-3.061,12.262
0min22sec,3,1670,-3.057,12.262
0min22sec,3,1680,-3.060,12.262
0min22sec,3,1690,-3.070,12.263
0min22sec,3,1700,-3.072,12.264
0min22sec,3,1710,-3.070,12.264
0min22sec,3,1720,-3.065,12.263
0min22sec,3,1730,-3.056,12.263
0min22sec,3,1740,-3.051,12.263
0min22sec,3,1750,-3.052,12.263
0min22sec,3,1760,-3.054,12.263
0min22sec,3,1770,-3.050,12.262
0min22sec,3,1780,-3.046,12.261
0min22sec,3,1790,-3.046,12.262
0min22sec,3,1800,-3.053,12.262
0min22sec,3,1810,-3.057,12.262
0min22sec,3,1820,-3.061,12.262
0min22sec,3,1830,-3.063,12.263
0min22sec,3,1840,-3.060,12.262
0min22sec,3,1850,-3.059,12.262
0min22sec,3,1860,-3.055,12.262
0min22sec,3,1870,-3.052,12.261
0min22sec,3,1880,-3.044,12.261
0min22sec,3,1890,-3.041,12.261
0min23sec,3,1900,-3.038,12.261
0min22sec,3,1910,-3.038,12.261
0min22sec,3,1920,-3.040,12.261
0min22sec,3,1930,-3.033,12.261
0min22sec,3,1940,-3.032,12.261
0min22sec,3,1950,-3.028,12.261
0min22sec,3,1960,-3.029,12.261
0min22sec,3,1970,-3.029,12.261
0min22sec,3,1980,-3.033,12.262
0min22sec,3,1990,-3.029,12.261
0min22sec,3,2000,-3.028,12.261
0min22sec,3,2010,-3.024,12.261
0min22sec,3,2020,-3.020,12.260
0min22sec,3,2030,-3.012,12.260
0min22sec,3,2040,-3.008,12.259
0min22sec,3,2050,-3.005,12.259
0min22sec,3,2060,-3.000,12.259
0min22sec,3,2070,-2.997,12.258
0min22sec,3,2080,-2.994,12.258
0min22sec,3,2090,-2.994,12.258
0min22sec,3,2100,-2.997,12.258
0min22sec,3,2110,-3.002,12.259
0min23sec,3,2120,-3.002,12.259
0min22sec,3,2130,-3.002,12.259
0min22sec,3,2140,-3.000,12.259
0min22sec,3,2150,-2.997,12.259
0min22sec,3,2160,-2.997,12.259
0min22sec,3,2170,-3.001,12.259
0min22sec,3,2180,-2.998,12.259
0min22sec,3,2190,-2.998,12.259
0min22sec,3,2200,-2.996,12.259
0min22sec,3,2210,-2.991,12.258
0min22sec,3,2220,-2.979,12.258
0min22sec,3,2230,-2.975,12.257
0min22sec,3,2240,-2.974,12.257
0min22sec,3,2250,-2.963,12.256
0min22sec,3,2260,-2.959,12.256
0min22sec,3,2270,-2.959,12.256
0min22sec,3,2280,-2.959,12.255
0min22sec,3,2290,-2.960,12.255
0min22sec,3,2300,-2.960,12.255
0min22sec,3,2310,-2.953,12.255
0min22sec,3,2320,-2.946,12.254
0min22sec,3,2330,-2.940,12.254
0min22sec,3,2340,-2.942,12.254
0min22sec,3,2350,-2.948,12.254
0min23sec,3,2360,-2.957,12.255
0min23sec,3,2370,-2.975,12.256
0min22sec,3,2380,-2.990,12.256
0min22sec,3,2390,-2.988,12.256
0min22sec,3,2400,-2.977,12.255
0min22sec,3,2410,-2.966,12.254
0min22sec,3,2420,-2.964,12.254
0min22sec,3,2430,-2.967,12.254
0min22sec,3,2440,-2.967,12.254
0min22sec,3,2450,-2.969,12.254
0min22sec,3,2460,-2.966,12.254
0min22sec,3,2470,-2.966,12.254
0min22sec,3,2480,-2.967,12.254
0min22sec,3,2490,-2.966,12.254
39min28sec,4,0,-6.995,12.351
0min22sec,4,10,-2.468,12.185
0min22sec,4,20,-2.299,12.186
0min22sec,4,30,-2.142,12.179
0min22sec,4,40,-2.079,12.174
0min22sec,4,50,-2.246,12.185
0min22sec,4,60,-2.626,12.212
0min22sec,4,70,-2.810,12.231
0min22sec,4,80,-2.821,12.234
0min22sec,4,90,-2.793,12.229
0min22sec,4,100,-2.695,12.219
0min22sec,4,110,-2.684,12.217
0min22sec,4,120,-2.718,12.219
0min22sec,4,130,-2.808,12.222
0min22sec,4,140,-2.834,12.219
0min22sec,4,150,-2.898,12.221
0min23sec,4,160,-2.929,12.220
0min22sec,4,170,-2.936,12.217
0min22sec,4,180,-2.970,12.217
0min22sec,4,190,-2.953,12.218
0min22sec,4,200,-2.953,12.217
0min22sec,4,210,-2.886,12.214
0min22sec,4,220,-2.819,12.210
0min22sec,4,230,-2.771,12.208
0min22sec,4,240,-2.709,12.203
0min22sec,4,250,-2.682,12.201
0min22sec,4,260,-2.640,12.198
0min22sec,4,270,-2.599,12.196
0min22sec,4,280,-2.697,12.201
0min22sec,4,290,-2.749,12.205
0min22sec,4,300,-2.751,12.206
0min22sec,4,310,-2.734,12.206
0min22sec,4,320,-2.758,12.208
0min22sec,4,330,-2.763,12.210
0min22sec,4,340,-2.744,12.209
0min22sec,4,350,-2.736,12.208
0min22sec,4,360,-2.727,12.207
0min22sec,4,370,-2.712,12.207
0min22sec,4,380,-2.694,12.206
0min22sec,4,390,-2.682,12.206
0min22sec,4,400,-2.684,12.206
0min22sec,4,410,-2.699,12.207
0min22sec,4,420,-2.687,12.207
0min22sec,4,430,-2.664,12.205
0min22sec,4,440,-2.669,12.207
0min22sec,4,450,-2.654,12.207
0min22sec,4,460,-2.647,12.206
0min22sec,4,470,-2.613,12.203
0min22sec,4,480,-2.590,12.201
0min22sec,4,490,-2.582,12.200
0min22sec,4,500,-2.582,12.199
0min22sec,4,510,-2.567,12.198
0min22sec,4,520,-2.556,12.198
0min22sec,4,530,-2.544,12.197
0min22sec,4,540,-2.551,12.198
0min22sec,4,550,-2.546,12.197
0min22sec,4,560,-2.533,12.197
0min22sec,4,570,-2.531,12.197
0min22sec,4,580,-2.521,12.196
0min22sec,4,590,-2.523,12.197
0min22sec,4,600,-2.508,12.195
0min22sec,4,610,-2.518,12.196
0min22sec,4,620,-2.518,12.196
0min22sec,4,630,-2.515,12.196
0min22sec,4,640,-2.521,12.196
0min22sec,4,650,-2.521,12.195
0min22sec,4,660,-2.518,12.195
0min22sec,4,670,-2.518,12.194
0min22sec,4,680,-2.532,12.194
0min22sec,4,690,-2.530,12.193
0min22sec,4,700,-2.523,12.193
0min22sec,4,710,-2.536,12.195
0min22sec,4,720,-2.552,12.195
0min22sec,4,730,-2.553,12.195
0min23sec,4,740,-2.562,12.195
0min23sec,4,750,-2.568,12.195
0min22sec,4,760,-2.574,12.195
0min22sec,4,770,-2.578,12.195
0min22sec,4,780,-2.578,12.195
0min22sec,4,790,-2.576,12.195
0min22sec,4,800,-2.581,12.195
0min22sec,4,810,-2.582,12.194
0min22sec,4,820,-2.562,12.193
0min22sec,4,830,-2.568,12.193
0min22sec,4,840,-2.566,12.192
0min22sec,4,850,-2.567,12.191
0min22sec,4,860,-2.572,12.191
0min22sec,4,870,-2.565,12.190
0min22sec,4,880,-2.567,12.189
0min22sec,4,890,-2.579,12.190
0min22sec,4,900,-2.589,12.190
0min22sec,4,910,-2.594,12.191
0min22sec,4,920,-2.591,12.191
0min22sec,4,930,-2.586,12.191
0min22sec,4,940,-2.583,12.191
0min23sec,4,950,-2.590,12.191
0min22sec,4,960,-2.601,12.192
0min22sec,4,970,-2.607,12.193
0min22sec,4,980,-2.609,12.193
0min22sec,4,990,-2.608,12.193
0min22sec,4,1000,-2.616,12.194
0min22sec,4,1010,-2.612,12.194
0min22sec,4,1020,-2.604,12.193
0min22sec,4,1030,-2.600,12.194
0min22sec,4,1040,-2.596,12.194
0min22sec,4,1050,-2.581,12.194
0min22sec,4,1060,-2.568,12.192
0min22sec,4,1070,-2.565,12.193
0min22sec,4,1080,-2.574,12.194
0min22sec,4,1090,-2.588,12.195
0min22sec,4,1100,-2.598,12.196
0min22sec,4,1110,-2.598,12.197
0min22sec,4,1120,-2.605,12.198
0min22sec,4,1130,-2.606,12.198
0min22sec,4,1140,-2.602,12.198
0min22sec,4,1150,-2.602,12.198
0min22sec,4,1160,-2.619,12.199
0min23sec,4,1170,-2.637,12.200
0min22sec,4,1180,-2.646,12.201
0min22sec,4,1190,-2.643,12.201
0min22sec,4,1200,-2.658,12.202
0min22sec,4,1210,-2.670,12.203
0min22sec,4,1220,-2.674,12.204
0min22sec,4,1230,-2.684,12.205
0min22sec,4,1240,-2.683,12.205
0min22sec,4,1250,-2.678,12.205
0min23sec,4,1260,-2.682,12.205
0min23sec,4,1270,-2.682,12.206
0min22sec,4,1280,-2.688,12.206
0min22sec,4,1290,-2.696,12.207
0min22sec,4,1300,-2.697,12.208
0min22sec,4,1310,-2.698,12.207
0min22sec,4,1320,-2.685,12.207
0min22sec,4,1330,-2.690,12.207
0min22sec,4,1340,-2.676,12.206
0min22sec,4,1350,-2.673,12.206
0min22sec,4,1360,-2.681,12.207
0min22sec,4,1370,-2.689,12.207
0min22sec,4,1380,-2.696,12.207
0min22sec,4,1390,-2.694,12.207
0min22sec,4,1400,-2.693,12.208
0min22sec,4,1410,-2.694,12.208
0min22sec,4,1420,-2.687,12.208
0min22sec,4,1430,-2.682,12.208
0min22sec,4,1440,-2.682,12.208
0min22sec,4,1450,-2.681,12.208
0min22sec,4,1460,-2.668,12.208
0min22sec,4,1470,-2.667,12.208
0min22sec,4,1480,-2.665,12.208
0min22sec,4,1490,-2.668,12.208
0min22sec,4,1500,-2.660,12.208
0min22sec,4,1510,-2.661,12.209
0min22sec,4,1520,-2.664,12.209
0min23sec,4,1530,-2.661,12.209
0min22sec,4,1540,-2.653,12.209
0min22sec,4,1550,-2.646,12.208
0min22sec,4,1560,-2.649,12.208
0min22sec,4,1570,-2.651,12.208
0min22sec,4,1580,-2.647,12.209
0min22sec,4,1590,-2.640,12.208
0min22sec,4,1600,-2.646,12.209
0min22sec,4,1610,-2.643,12.209
0min22sec,4,1620,-2.637,12.209
0min23sec,4,1630,-2.641,12.209
0min22sec,4,1640,-2.642,12.209
0min22sec,4,1650,-2.640,12.209
0min22sec,4,1660,-2.636,12.209
0min22sec,4,1670,-2.639,12.209
0min22sec,4,1680,-2.636,12.209
0min22sec,4,1690,-2.632,12.209
0min22sec,4,1700,-2.627,12.209
0min22sec,4,1710,-2.614,12.208
0min22sec,4,1720,-2.609,12.208
0min22sec,4,1730,-2.605,12.208
0min23sec,4,1740,-2.604,12.208
0min23sec,4,1750,-2.608,12.208
0min22sec,4,1760,-2.605,12.208
0min22sec,4,1770,-2.600,12.207
0min22sec,4,1780,-2.593,12.207
0min22sec,4,1790,-2.588,12.207
0min22sec,4,1800,-2.588,12.207
0min22sec,4,1810,-2.589,12.207
0min22sec,4,1820,-2.584,12.206
0min22sec,4,1830,-2.588,12.207
0min22sec,4,1840,-2.591,12.207
0min22sec,4,1850,-2.594,12.207
0min22sec,4,1860,-2.600,12.207
0min22sec,4,1870,-2.593,12.206
0min22sec,4,1880,-2.591,12.206
0min22sec,4,1890,-2.587,12.206
0min22sec,4,1900,-2.596,12.206
0min23sec,4,1910,-2.605,12.206
0min23sec,4,1920,-2.616,12.207
0min22sec,4,1930,-2.618,12.207
0min22sec,4,1940,-2.612,12.207
0min22sec,4,1950,-2.604,12.206
0min22sec,4,1960,-2.596,12.205
0min22sec,4,1970,-2.591,12.205
0min22sec,4,1980,-2.590,12.205
0min22sec,4,1990,-2.589,12.205
0min23sec,4,2000,-2.592,12.205
0min24sec,4,2010,-2.598,12.205
0min24sec,4,2020,-2.613,12.206
0min22sec,4,2030,-2.613,12.206
0min22sec,4,2040,-2.613,12.206
0min23sec,4,2050,-2.611,12.205
0min23sec,4,2060,-2.618,12.206
0min22sec,4,2070,-2.624,12.206
0min22sec,4,2080,-2.622,12.206
0min22sec,4,2090,-2.618,12.206
0min22sec,4,2100,-2.624,12.206
0min22sec,4,2110,-2.621,12.206
0min22sec,4,2120,-2.615,12.206
0min22sec,4,2130,-2.611,12.205
0min22sec,4,2140,-2.605,12.205
0min22sec,4,2150,-2.598,12.204
0min22sec,4,2160,-2.596,12.204
0min22sec,4,2170,-2.590,12.203
0min22sec,4,2180,-2.586,12.202
0min22sec,4,2190,-2.581,12.202
0min22sec,4,2200,-2.576,12.202
0min23sec,4,2210,-2.573,12.202
0min22sec,4,2220,-2.579,12.202
0min22sec,4,2230,-2.581,12.202
0min22sec,4,2240,-2.580,12.202
0min22sec,4,2250,-2.576,12.202
0min22sec,4,2260,-2.572,12.202
0min22sec,4,2270,-2.567,12.201
0min22sec,4,2280,-2.569,12.201
0min22sec,4,2290,-2.569,12.201
0min22sec,4,2300,-2.568,12.201
0min22sec,4,2310,-2.572,12.201
0min22sec,4,2320,-2.569,12.201
0min22sec,4,2330,-2.563,12.200
0min22sec,4,2340,-2.555,12.200
0min22sec,4,2350,-2.550,12.200
0min22sec,4,2360,-2.555,12.200
0min22sec,4,2370,-2.564,12.201
0min22sec,4,2380,-2.569,12.201
0min22sec,4,2390,-2.566,12.201
0min22sec,4,2400,-2.562,12.201
0min22sec,4,2410,-2.562,12.201
0min22sec,4,2420,-2.560,12.200
0min22sec,4,2430,-2.557,12.200
0min22sec,4,2440,-2.550,12.199
0min22sec,4,2450,-2.542,12.199
0min22sec,4,2460,-2.536,12.198
0min22sec,4,2470,-2.530,12.198
0min22sec,4,2480,-2.528,12.198
0min22sec,4,2490,-2.524,12.197
38min47sec,5,0,-3.294,12.204
0min22sec,5,10,-2.140,12.099
0min22sec,5,20,-2.608,12.111
0min22sec,5,30,-2.301,12.086
0min22sec,5,40,-2.198,12.081
0min22sec,5,50,-1.964,12.068
0min22sec,5,60,-2.103,12.075
0min22sec,5,70,-2.086,12.077
0min21sec,5,80,-2.107,12.080
0min22sec,5,90,-2.076,12.074
0min22sec,5,100,-2.134,12.077
0min22sec,5,110,-2.130,12.077
0min22sec,5,120,-2.087,12.077
0min22sec,5,130,-2.222,12.091
0min23sec,5,140,-2.476,12.119
0min22sec,5,150,-2.773,12.141
0min22sec,5,160,-2.892,12.148
0min23sec,5,170,-3.019,12.157
0min23sec,5,180,-3.085,12.164
0min23sec,5,190,-3.170,12.171
0min23sec,5,200,-3.232,12.177
0min22sec,5,210,-3.324,12.183
0min22sec,5,220,-3.368,12.189
0min22sec,5,230,-3.382,12.191
0min22sec,5,240,-3.388,12.190
0min22sec,5,250,-3.391,12.190
0min22sec,5,260,-3.302,12.181
0min22sec,5,270,-3.259,12.178
0min22sec,5,280,-3.224,12.176
0min22sec,5,290,-3.204,12.177
0min22sec,5,300,-3.155,12.175
0min22sec,5,310,-3.190,12.177
0min22sec,5,320,-3.175,12.178
0min22sec,5,330,-3.135,12.175
0min22sec,5,340,-3.122,12.173
0min22sec,5,350,-3.093,12.169
0min22sec,5,360,-3.095,12.169
0min22sec,5,370,-3.112,12.170
0min22sec,5,380,-3.160,12.172
0min22sec,5,390,-3.163,12.173
0min21sec,5,400,-3.147,12.171
0min21sec,5,410,-3.127,12.170
0min21sec,5,420,-3.102,12.169
0min22sec,5,430,-3.080,12.167
0min22sec,5,440,-3.087,12.166
0min22sec,5,450,-3.096,12.166
0min22sec,5,460,-3.100,12.167
0min22sec,5,470,-3.092,12.165
0min22sec,5,480,-3.077,12.164
0min22sec,5,490,-3.061,12.162
0min22sec,5,500,-3.050,12.161
0min22sec,5,510,-3.025,12.158
0min22sec,5,520,-3.014,12.158
0min22sec,5,530,-2.990,12.155
0min22sec,5,540,-2.973,12.153
0min22sec,5,550,-2.947,12.151
0min22sec,5,560,-2.943,12.151
0min22sec,5,570,-2.956,12.152
0min22sec,5,580,-2.963,12.152
0min22sec,5,590,-2.966,12.152
0min22sec,5,600,-2.980,12.153
0min22sec,5,610,-2.977,12.153
0min22sec,5,620,-2.956,12.151
0min22sec,5,630,-2.954,12.150
0min22sec,5,640,-2.958,12.149
0min22sec,5,650,-2.960,12.149
0min22sec,5,660,-2.954,12.147
0min22sec,5,670,-2.940,12.146
0min22sec,5,680,-2.936,12.145
0min22sec,5,690,-2.944,12.146
0min22sec,5,700,-2.953,12.147
0min22sec,5,710,-2.950,12.146
0min22sec,5,720,-2.959,12.148
0min22sec,5,730,-2.965,12.149
0min22sec,5,740,-2.984,12.150
0min22sec,5,750,-2.989,12.150
0min22sec,5,760,-2.983,12.149
0min22sec,5,770,-2.988,12.150
0min22sec,5,780,-2.981,12.150
0min22sec,5,790,-3.000,12.151
0min22sec,5,800,-3.001,12.152
0min23sec,5,810,-3.015,12.152
0min23sec,5,820,-3.038,12.152
0min22sec,5,830,-3.036,12.151
0min22sec,5,840,-3.028,12.151
0min22sec,5,850,-3.029,12.151
0min22sec,5,860,-3.032,12.151
0min22sec,5,870,-3.039,12.151
0min22sec,5,880,-3.034,12.152
0min22sec,5,890,-3.030,12.151
0min22sec,5,900,-3.022,12.151
0min22sec,5,910,-3.021,12.151
0min22sec,5,920,-3.026,12.152
0min22sec,5,930,-3.026,12.152
0min22sec,5,940,-3.027,12.152
0min22sec,5,950,-3.023,12.152
0min22sec,5,960,-3.013,12.151
0min22sec,5,970,-3.011,12.151
0min22sec,5,980,-3.006,12.151
0min22sec,5,990,-3.005,12.151
0min22sec,5,1000,-3.007,12.152
0min22sec,5,1010,-3.007,12.152
0min22sec,5,1020,-2.999,12.151
0min22sec,5,1030,-2.991,12.151
0min22sec,5,1040,-2.991,12.152
0min22sec,5,1050,-2.985,12.151
0min22sec,5,1060,-2.981,12.151
0min23sec,5,1070,-2.992,12.152
0min23sec,5,1080,-2.998,12.152
0min22sec,5,1090,-3.010,12.153
0min23sec,5,1100,-3.013,12.153
0min22sec,5,1110,-3.004,12.153
0min22sec,5,1120,-3.007,12.153
0min22sec,5,1130,-3.008,12.153
0min23sec,5,1140,-3.016,12.153
0min22sec,5,1150,-3.007,12.153
0min22sec,5,1160,-3.002,12.152
0min22sec,5,1170,-3.007,12.152
0min22sec,5,1180,-3.003,12.151
0min22sec,5,1190,-2.993,12.151
0min22sec,5,1200,-2.987,12.150
0min22sec,5,1210,-2.985,12.150
0min22sec,5,1220,-2.980,12.150
0min22sec,5,1230,-2.972,12.149
0min22sec,5,1240,-2.976,12.149
0min22sec,5,1250,-2.980,12.149
0min22sec,5,1260,-2.978,12.149
0min22sec,5,1270,-2.976,12.148
0min22sec,5,1280,-2.963,12.147
0min22sec,5,1290,-2.951,12.146
0min22sec,5,1300,-2.952,12.145
0min22sec,5,1310,-2.949,12.144
0min22sec,5,1320,-2.940,12.144
0min22sec,5,1330,-2.939,12.144
0min22sec,5,1340,-2.930,12.143
0min22sec,5,1350,-2.920,12.142
0min22sec,5,1360,-2.912,12.141
0min22sec,5,1370,-2.909,12.141
0min23sec,5,1380,-2.913,12.141
0min23sec,5,1390,-2.911,12.141
0min22sec,5,1400,-2.909,12.141
0min22sec,5,1410,-2.909,12.141
0min22sec,5,1420,-2.913,12.141
0min22sec,5,1430,-2.908,12.140
0min22sec,5,1440,-2.913,12.140
0min23sec,5,1450,-2.920,12.141
0min23sec,5,1460,-2.927,12.141
0min23sec,5,1470,-2.925,12.141
0min22sec,5,1480,-2.924,12.140
0min22sec,5,1490,-2.918,12.140
0min22sec,5,1500,-2.917,12.140
0min22sec,5,1510,-2.913,12.139
0min22sec,5,1520,-2.905,12.139
0min22sec,5,1530,-2.899,12.138
0min22sec,5,1540,-2.892,12.138
0min22sec,5,1550,-2.885,12.138
0min22sec,5,1560,-2.883,12.138
0min22sec,5,1570,-2.886,12.138
0min22sec,5,1580,-2.887,12.138
0min22sec,5,1590,-2.879,12.138
0min22sec,5,1600,-2.875,12.138
0min22sec,5,1610,-2.872,12.138
0min22sec,5,1620,-2.866,12.137
0min23sec,5,1630,-2.864,12.137
0min22sec,5,1640,-2.860,12.137
0min22sec,5,1650,-2.853,12.136
0min22sec,5,1660,-2.852,12.135
0min22sec,5,1670,-2.851,12.135
0min22sec,5,1680,-2.849,12.135
0min22sec,5,1690,-2.841,12.134
0min22sec,5,1700,-2.835,12.134
0min22sec,5,1710,-2.833,12.134
0min22sec,5,1720,-2.833,12.134
0min22sec,5,1730,-2.832,12.133
0min22sec,5,1740,-2.830,12.133
0min22sec,5,1750,-2.827,12.133
0min22sec,5,1760,-2.825,12.133
0min22sec,5,1770,-2.823,12.133
0min22sec,5,1780,-2.820,12.132
0min22sec,5,1790,-2.816,12.132
0min22sec,5,1800,-2.813,12.132
0min22sec,5,1810,-2.811,12.132
0min22sec,5,1820,-2.809,12.132
0min22sec,5,1830,-2.809,12.132
0min22sec,5,1840,-2.805,12.132
0min22sec,5,1850,-2.801,12.132
0min22sec,5,1860,-2.794,12.132
0min22sec,5,1870,-2.795,12.132
0min22sec,5,1880,-2.793,12.132
0min23sec,5,1890,-2.789,12.132
0min22sec,5,1900,-2.778,12.132
0min22sec,5,1910,-2.773,12.132
0min22sec,5,1920,-2.767,12.131
0min22sec,5,1930,-2.763,12.131
0min22sec,5,1940,-2.760,12.131
0min22sec,5,1950,-2.759,12.131
0min22sec,5,1960,-2.754,12.131
0min22sec,5,1970,-2.752,12.131
0min22sec,5,1980,-2.748,12.131
0min22sec,5,1990,-2.742,12.130
0min22sec,5,2000,-2.736,12.130
0min22sec,5,2010,-2.729,12.129
0min22sec,5,2020,-2.723,12.129
0min22sec,5,2030,-2.720,12.129
0min22sec,5,2040,-2.725,12.130
0min22sec,5,2050,-2.718,12.129
0min22sec,5,2060,-2.715,12.129
0min22sec,5,2070,-2.728,12.129
0min22sec,5,2080,-2.738,12.130
0min22sec,5,2090,-2.744,12.130
0min22sec,5,2100,-2.744,12.130
0min22sec,5,2110,-2.745,12.130
0min22sec,5,2120,-2.744,12.130
0min23sec,5,2130,-2.739,12.130
0min22sec,5,2140,-2.737,12.129
0min22sec,5,2150,-2.733,12.129
0min22sec,5,2160,-2.727,12.128
0min22sec,5,2170,-2.725,12.128
0min22sec,5,2180,-2.722,12.128
0min22sec,5,2190,-2.723,12.128
0min22sec,5,2200,-2.722,12.128
0min22sec,5,2210,-2.718,12.128
0min22sec,5,2220,-2.714,12.128
0min22sec,5,2230,-2.706,12.127
0min22sec,5,2240,-2.704,12.127
0min22sec,5,2250,-2.699,12.127
0min22sec,5,2260,-2.697,12.127
0min22sec,5,2270,-2.700,12.127
0min22sec,5,2280,-2.699,12.127
0min22sec,5,2290,-2.690,12.127
0min22sec,5,2300,-2.687,12.127
0min22sec,5,2310,-2.686,12.127
0min22sec,5,2320,-2.682,12.126
0min22sec,5,2330,-2.676,12.126
0min22sec,5,2340,-2.673,12.126
0min22sec,5,2350,-2.671,12.125
0min22sec,5,2360,-2.672,12.125
0min22sec,5,2370,-2.675,12.125
0min22sec,5,2380,-2.690,12.126
0min22sec,5,2390,-2.691,12.125
0min22sec,5,2400,-2.694,12.126
0min22sec,5,2410,-2.694,12.125
0min22sec,5,2420,-2.699,12.126
0min22sec,5,2430,-2.700,12.126
0min22sec,5,2440,-2.704,12.126
0min22sec,5,2450,-2.716,12.127
0min22sec,5,2460,-2.723,12.128
0min22sec,5,2470,-2.719,12.127
0min22sec,5,2480,-2.721,12.128
0min22sec,5,2490,-2.720,12.127
39min3sec,6,0,0.669,11.941
0min22sec,6,10,-2.450,12.088
0min22sec,6,20,-2.590,12.077
0min22sec,6,30,-2.497,12.066
0min22sec,6,40,-2.715,12.074
0min22sec,6,50,-2.757,12.079
0min22sec,6,60,-2.897,12.085
0min23sec,6,70,-2.875,12.086
0min23sec,6,80,-2.748,12.079
0min23sec,6,90,-2.687,12.073
0min22sec,6,100,-2.831,12.080
0min22sec,6,110,-2.907,12.085
0min22sec,6,120,-2.941,12.086
0min22sec,6,130,-2.938,12.087
0min22sec,6,140,-2.970,12.088
0min22sec,6,150,-2.951,12.086
0min22sec,6,160,-2.922,12.084
0min22sec,6,170,-2.932,12.085
0min22sec,6,180,-2.910,12.086
0min22sec,6,190,-2.863,12.083
0min23sec,6,200,-2.819,12.080
0min23sec,6,210,-2.767,12.076
0min22sec,6,220,-2.748,12.074
0min22sec,6,230,-2.734,12.073
0min22sec,6,240,-2.706,12.073
0min22sec,6,250,-2.689,12.072
0min22sec,6,260,-2.680,12.070
0min22sec,6,270,-2.660,12.069
0min22sec,6,280,-2.691,12.072
0min22sec,6,290,-2.695,12.074
0min22sec,6,300,-2.761,12.081
0min22sec,6,310,-2.822,12.085
0min22sec,6,320,-2.836,12.086
0min22sec,6,330,-2.833,12.085
0min22sec,6,340,-2.813,12.084
0min22sec,6,350,-2.807,12.086
0min22sec,6,360,-2.827,12.087
0min22sec,6,370,-2.826,12.088
0min22sec,6,380,-2.828,12.089
0min22sec,6,390,-2.856,12.092
0min22sec,6,400,-2.865,12.092
0min22sec,6,410,-2.859,12.092
0min22sec,6,420,-2.836,12.091
0min22sec,6,430,-2.823,12.089
0min22sec,6,440,-2.851,12.091
0min22sec,6,450,-2.844,12.091
0min22sec,6,460,-2.847,12.090
0min23sec,6,470,-2.865,12.092
0min22sec,6,480,-2.848,12.090
0min23sec,6,490,-2.826,12.088
0min23sec,6,500,-2.830,12.087
0min22sec,6,510,-2.842,12.088
0min22sec,6,520,-2.839,12.088
0min22sec,6,530,-2.839,12.088
0min22sec,6,540,-2.853,12.090
0min22sec,6,550,-2.864,12.090
0min22sec,6,560,-2.884,12.092
0min22sec,6,570,-2.890,12.092
0min22sec,6,580,-2.899,12.092
0min22sec,6,590,-2.892,12.092
0min22sec,6,600,-2.888,12.090
0min22sec,6,610,-2.872,12.090
0min22sec,6,620,-2.874,12.089
0min22sec,6,630,-2.878,12.089
0min22sec,6,640,-2.892,12.089
0min22sec,6,650,-2.891,12.089
0min23sec,6,660,-2.880,12.087
0min22sec,6,670,-2.871,12.086
0min22sec,6,680,-2.876,12.087
0min22sec,6,690,-2.875,12.086
0min22sec,6,700,-2.882,12.086
0min22sec,6,710,-2.882,12.085
0min22sec,6,720,-2.899,12.086
0min22sec,6,730,-2.903,12.086
0min22sec,6,740,-2.899,12.086
0min22sec,6,750,-2.910,12.086
0min22sec,6,760,-2.920,12.086
0min22sec,6,770,-2.931,12.087
0min22sec,6,780,-2.931,12.087
0min22sec,6,790,-2.934,12.087
0min22sec,6,800,-2.959,12.088
0min23sec,6,810,-2.982,12.089
0min23sec,6,820,-3.001,12.090
0min23sec,6,830,-2.995,12.089
0min23sec,6,840,-3.000,12.089
0min22sec,6,850,-3.004,12.089
0min22sec,6,860,-3.004,12.089
0min22sec,6,870,-3.015,12.090
0min23sec,6,880,-3.016,12.090
0min22sec,6,890,-3.016,12.090
0min22sec,6,900,-3.017,12.090
0min22sec,6,910,-3.024,12.090
0min22sec,6,920,-3.028,12.090
0min22sec,6,930,-3.024,12.090
0min22sec,6,940,-3.021,12.090
0min22sec,6,950,-3.019,12.089
0min22sec,6,960,-3.019,12.089
0min22sec,6,970,-3.011,12.090
0min22sec,6,980,-3.007,12.090
0min23sec,6,990,-3.013,12.091
0min22sec,6,1000,-3.030,12.093
0min22sec,6,1010,-3.046,12.095
0min22sec,6,1020,-3.047,12.095
0min22sec,6,1030,-3.038,12.095
0min22sec,6,1040,-3.038,12.096
0min22sec,6,1050,-3.041,12.097
0min22sec,6,1060,-3.038,12.097
0min22sec,6,1070,-3.032,12.096
0min22sec,6,1080,-3.034,12.097
0min22sec,6,1090,-3.024,12.096
0min22sec,6,1100,-3.026,12.097
0min22sec,6,1110,-3.025,12.096
0min22sec,6,1120,-3.026,12.096
0min22sec,6,1130,-3.016,12.095
0min22sec,6,1140,-3.002,12.094
0min22sec,6,1150,-2.989,12.094
0min22sec,6,1160,-2.973,12.093
0min22sec,6,1170,-2.967,12.093
0min22sec,6,1180,-2.959,12.093
0min22sec,6,1190,-2.957,12.093
0min22sec,6,1200,-2.952,12.093
0min22sec,6,1210,-2.948,12.093
0min22sec,6,1220,-2.934,12.092
0min22sec,6,1230,-2.928,12.091
0min22sec,6,1240,-2.938,12.092
0min22sec,6,1250,-2.947,12.094
0min22sec,6,1260,-2.948,12.095
0min22sec,6,1270,-2.945,12.095
0min22sec,6,1280,-2.946,12.095
0min22sec,6,1290,-2.943,12.095
0min22sec,6,1300,-2.935,12.095
0min22sec,6,1310,-2.931,12.094
0min22sec,6,1320,-2.929,12.094
0min22sec,6,1330,-2.923,12.094
0min21sec,6,1340,-2.926,12.094
0min22sec,6,1350,-2.929,12.095
0min21sec,6,1360,-2.921,12.094
0min22sec,6,1370,-2.918,12.094
0min22sec,6,1380,-2.915,12.094
0min22sec,6,1390,-2.911,12.093
0min22sec,6,1400,-2.911,12.094
0min22sec,6,1410,-2.911,12.094
0min22sec,6,1420,-2.911,12.094
0min22sec,6,1430,-2.904,12.094
0min22sec,6,1440,-2.897,12.093
0min22sec,6,1450,-2.890,12.092
0min22sec,6,1460,-2.884,12.092
0min22sec,6,1470,-2.876,12.092
0min22sec,6,1480,-2.869,12.091
0min22sec,6,1490,-2.862,12.091
0min22sec,6,1500,-2.855,12.090
0min22sec,6,1510,-2.855,12.090
0min22sec,6,1520,-2.857,12.090
0min22sec,6,1530,-2.858,12.090
0min22sec,6,1540,-2.854,12.090
0min22sec,6,1550,-2.852,12.090
0min22sec,6,1560,-2.852,12.090
0min22sec,6,1570,-2.847,12.090
0min22sec,6,1580,-2.839,12.089
0min22sec,6,1590,-2.834,12.089
0min22sec,6,1600,-2.827,12.088
0min22sec,6,1610,-2.832,12.089
0min22sec,6,1620,-2.829,12.089
0min22sec,6,1630,-2.822,12.089
0min22sec,6,1640,-2.818,12.089
0min22sec,6,1650,-2.817,12.088
0min22sec,6,1660,-2.807,12.087
0min22sec,6,1670,-2.798,12.087
0min22sec,6,1680,-2.793,12.086
0min22sec,6,1690,-2.798,12.087
0min22sec,6,1700,-2.804,12.087
0min22sec,6,1710,-2.807,12.087
0min22sec,6,1720,-2.806,12.087
0min22sec,6,1730,-2.808,12.088
0min22sec,6,1740,-2.805,12.087
0min22sec,6,1750,-2.803,12.087
0min22sec,6,1760,-2.806,12.087
0min22sec,6,1770,-2.808,12.087
0min22sec,6,1780,-2.800,12.086
0min22sec,6,1790,-2.794,12.086
0min22sec,6,1800,-2.792,12.086
0min23sec,6,1810,-2.792,12.085
0min22sec,6,1820,-2.789,12.085
0min22sec,6,1830,-2.785,12.085
0min22sec,6,1840,-2.791,12.085
0min22sec,6,1850,-2.795,12.085
0min22sec,6,1860,-2.796,12.085
0min22sec,6,1870,-2.802,12.086
0min22sec,6,1880,-2.803,12.086
0min22sec,6,1890,-2.801,12.085
0min22sec,6,1900,-2.795,12.085
0min22sec,6,1910,-2.795,12.085
0min22sec,6,1920,-2.798,12.085
0min22sec,6,1930,-2.795,12.085
0min22sec,6,1940,-2.795,12.085
0min22sec,6,1950,-2.792,12.085
0min22sec,6,1960,-2.788,12.084
0min22sec,6,1970,-2.786,12.084
0min23sec,6,1980,-2.786,12.084
0min23sec,6,1990,-2.789,12.084
0min22sec,6,2000,-2.788,12.084
0min22sec,6,2010,-2.789,12.084
0min22sec,6,2020,-2.788,12.084
0min22sec,6,2030,-2.785,12.084
0min22sec,6,2040,-2.783,12.084
0min22sec,6,2050,-2.783,12.084
0min23sec,6,2060,-2.778,12.084
0min22sec,6,2070,-2.777,12.084
0min22sec,6,2080,-2.776,12.084
0min22sec,6,2090,-2.773,12.083
0min22sec,6,2100,-2.769,12.083
0min22sec,6,2110,-2.769,12.083
0min22sec,6,2120,-2.769,12.083
0min22sec,6,2130,-2.769,12.083
0min22sec,6,2140,-2.762,12.082
0min22sec,6,2150,-2.759,12.082
0min22sec,6,2160,-2.759,12.083
0min22sec,6,2170,-2.761,12.083
0min22sec,6,2180,-2.757,12.083
0min22sec,6,2190,-2.749,12.083
0min22sec,6,2200,-2.750,12.082
0min22sec,6,2210,-2.747,12.083
0min22sec,6,2220,-2.746,12.083
0min22sec,6,2230,-2.747,12.083
0min22sec,6,2240,-2.746,12.083
0min22sec,6,2250,-2.741,12.083
0min22sec,6,2260,-2.739,12.083
0min22sec,6,2270,-2.737,12.083
0min22sec,6,2280,-2.741,12.084
0min22sec,6,2290,-2.741,12.084
0min22sec,6,2300,-2.740,12.084
0min22sec,6,2310,-2.740,12.085
0min22sec,6,2320,-2.737,12.085
0min22sec,6,2330,-2.736,12.085
0min22sec,6,2340,-2.734,12.085
0min22sec,6,2350,-2.731,12.084
0min22sec,6,2360,-2.727,12.084
0min21sec,6,2370,-2.725,12.084
0min22sec,6,2380,-2.726,12.084
0min22sec,6,2390,-2.723,12.084
0min22sec,6,2400,-2.717,12.083
0min22sec,6,2410,-2.718,12.083
0min22sec,6,2420,-2.719,12.083
0min22sec,6,2430,-2.722,12.083
0min22sec,6,2440,-2.730,12.083
0min22sec,6,2450,-2.732,12.084
0min22sec,6,2460,-2.729,12.083
0min22sec,6,2470,-2.728,12.083
0min22sec,6,2480,-2.726,12.083
0min22sec,6,2490,-2.723,12.083
38min46sec,7,0,-1.747,12.006
0min22sec,7,10,-2.344,12.056
0min22sec,7,20,-2.400,12.079
0min22sec,7,30,-2.869,12.120
0min22sec,7,40,-2.870,12.124
0min22sec,7,50,-2.720,12.118
0min22sec,7,60,-2.672,12.114
0min22sec,7,70,-2.628,12.112
0min22sec,7,80,-2.536,12.099
0min22sec,7,90,-2.437,12.091
0min22sec,7,100,-2.379,12.080
0min22sec,7,110,-2.288,12.072
0min22sec,7,120,-2.142,12.060
0min22sec,7,130,-2.141,12.055
0min22sec,7,140,-2.176,12.059
0min21sec,7,150,-2.081,12.055
0min22sec,7,160,-2.011,12.050
0min22sec,7,170,-1.987,12.047
0min22sec,7,180,-2.006,12.048
0min22sec,7,190,-2.075,12.054
0min22sec,7,200,-2.065,12.054
0min22sec,7,210,-2.075,12.055
0min22sec,7,220,-2.035,12.051
0min22sec,7,230,-2.011,12.048
0min22sec,7,240,-2.028,12.050
0min21sec,7,250,-2.086,12.057
0min21sec,7,260,-2.118,12.060
0min22sec,7,270,-2.138,12.062
0min22sec,7,280,-2.153,12.063
0min22sec,7,290,-2.154,12.062
0min22sec,7,300,-2.155,12.061
0min22sec,7,310,-2.176,12.060
0min22sec,7,320,-2.178,12.059
0min22sec,7,330,-2.207,12.061
0min22sec,7,340,-2.205,12.060
0min22sec,7,350,-2.211,12.059
0min22sec,7,360,-2.205,12.056
0min22sec,7,370,-2.218,12.057
0min23sec,7,380,-2.255,12.059
0min23sec,7,390,-2.272,12.060
0min22sec,7,400,-2.283,12.059
0min22sec,7,410,-2.299,12.060
0min22sec,7,420,-2.299,12.059
0min22sec,7,430,-2.282,12.057
0min22sec,7,440,-2.250,12.055
0min22sec,7,450,-2.236,12.054
0min22sec,7,460,-2.233,12.053
0min22sec,7,470,-2.221,12.052
0min22sec,7,480,-2.210,12.051
0min22sec,7,490,-2.208,12.052
0min22sec,7,500,-2.220,12.052
0min22sec,7,510,-2.223,12.052
0min22sec,7,520,-2.218,12.051
0min22sec,7,530,-2.222,12.051
0min22sec,7,540,-2.241,12.053
0min22sec,7,550,-2.244,12.052
0min22sec,7,560,-2.225,12.051
0min22sec,7,570,-2.197,12.049
0min22sec,7,580,-2.189,12.048
0min22sec,7,590,-2.173,12.046
0min22sec,7,600,-2.171,12.045
0min22sec,7,610,-2.183,12.046
0min22sec,7,620,-2.182,12.046
0min22sec,7,630,-2.167,12.043
0min22sec,7,640,-2.167,12.043
0min22sec,7,650,-2.160,12.042
0min22sec,7,660,-2.156,12.041
0min22sec,7,670,-2.156,12.041
0min22sec,7,680,-2.157,12.041
0min22sec,7,690,-2.171,12.041
0min23sec,7,700,-2.197,12.042
0min23sec,7,710,-2.209,12.043
0min23sec,7,720,-2.221,12.043
0min23sec,7,730,-2.242,12.044
0min23sec,7,740,-2.244,12.044
0min22sec,7,750,-2.241,12.043
0min22sec,7,760,-2.237,12.042
0min23sec,7,770,-2.238,12.043
0min22sec,7,780,-2.242,12.044
0min22sec,7,790,-2.240,12.044
0min22sec,7,800,-2.235,12.044
0min22sec,7,810,-2.233,12.044
0min22sec,7,820,-2.232,12.044
0min22sec,7,830,-2.234,12.043
0min22sec,7,840,-2.227,12.043
0min22sec,7,850,-2.230,12.043
0min22sec,7,860,-2.228,12.042
0min22sec,7,870,-2.218,12.041
0min22sec,7,880,-2.220,12.042
0min23sec,7,890,-2.217,12.042
0min23sec,7,900,-2.211,12.041
0min22sec,7,910,-2.210,12.041
0min22sec,7,920,-2.206,12.040
0min22sec,7,930,-2.206,12.040
0min22sec,7,940,-2.203,12.040
0min22sec,7,950,-2.206,12.040
0min22sec,7,960,-2.205,12.039
0min22sec,7,970,-2.209,12.039
0min22sec,7,980,-2.207,12.039
0min22sec,7,990,-2.202,12.038
0min22sec,7,1000,-2.190,12.037
0min22sec,7,1010,-2.184,12.036
0min22sec,7,1020,-2.174,12.035
0min22sec,7,1030,-2.165,12.035
0min22sec,7,1040,-2.158,12.035
0min22sec,7,1050,-2.161,12.035
0min22sec,7,1060,-2.162,12.034
0min22sec,7,1070,-2.167,12.035
0min22sec,7,1080,-2.168,12.035
0min22sec,7,1090,-2.167,12.035
0min22sec,7,1100,-2.167,12.035
0min22sec,7,1110,-2.186,12.036
0min21sec,7,1120,-2.195,12.037
0min21sec,7,1130,-2.198,12.037
0min22sec,7,1140,-2.202,12.037
0min22sec,7,1150,-2.200,12.037
0min22sec,7,1160,-2.200,12.036
0min22sec,7,1170,-2.195,12.036
0min22sec,7,1180,-2.195,12.036
0min22sec,7,1190,-2.198,12.036
0min22sec,7,1200,-2.208,12.037
0min22sec,7,1210,-2.215,12.037
0min22sec,7,1220,-2.233,12.039
0min22sec,7,1230,-2.240,12.039
0min22sec,7,1240,-2.236,12.039
0min22sec,7,1250,-2.230,12.039
0min22sec,7,1260,-2.226,12.039
0min22sec,7,1270,-2.219,12.038
0min22sec,7,1280,-2.208,12.037
0min22sec,7,1290,-2.197,12.036
0min23sec,7,1300,-2.201,12.036
0min22sec,7,1310,-2.201,12.035
0min23sec,7,1320,-2.207,12.036
0min22sec,7,1330,-2.205,12.036
0min22sec,7,1340,-2.205,12.036
0min22sec,7,1350,-2.203,12.036
0min22sec,7,1360,-2.197,12.035
0min22sec,7,1370,-2.191,12.034
0min22sec,7,1380,-2.183,12.034
0min22sec,7,1390,-2.172,12.033
0min22sec,7,1400,-2.166,12.032
0min23sec,7,1410,-2.165,12.033
0min22sec,7,1420,-2.174,12.033
0min22sec,7,1430,-2.177,12.033
0min22sec,7,1440,-2.176,12.033
0min23sec,7,1450,-2.185,12.034
0min22sec,7,1460,-2.189,12.034
0min22sec,7,1470,-2.185,12.034
0min22sec,7,1480,-2.177,12.033
0min22sec,7,1490,-2.175,12.033
0min22sec,7,1500,-2.176,12.033
0min22sec,7,1510,-2.175,12.033
0min22sec,7,1520,-2.177,12.034
0min22sec,7,1530,-2.179,12.034
0min22sec,7,1540,-2.180,12.034
0min22sec,7,1550,-2.180,12.034
0min21sec,7,1560,-2.177,12.034
0min22sec,7,1570,-2.178,12.035
0min22sec,7,1580,-2.172,12.034
0min22sec,7,1590,-2.167,12.034
0min22sec,7,1600,-2.173,12.034
0min22sec,7,1610,-2.179,12.034
0min22sec,7,1620,-2.176,12.034
0min22sec,7,1630,-2.172,12.034
0min22sec,7,1640,-2.170,12.033
0min22sec,7,1650,-2.161,12.033
0min22sec,7,1660,-2.152,12.032
0min22sec,7,1670,-2.145,12.031
0min22sec,7,1680,-2.140,12.031
0min22sec,7,1690,-2.141,12.031
0min22sec,7,1700,-2.142,12.031
0min22sec,7,1710,-2.133,12.030
0min22sec,7,1720,-2.128,12.030
0min22sec,7,1730,-2.126,12.029
0min22sec,7,1740,-2.122,12.029
0min21sec,7,1750,-2.121,12.029
0min22sec,7,1760,-2.120,12.029
0min21sec,7,1770,-2.120,12.029
0min22sec,7,1780,-2.122,12.029
0min22sec,7,1790,-2.125,12.029
0min21sec,7,1800,-2.137,12.030
0min21sec,7,1810,-2.138,12.030
0min22sec,7,1820,-2.136,12.029
0min22sec,7,1830,-2.134,12.029
0min22sec,7,1840,-2.132,12.029
0min22sec,7,1850,-2.133,12.029
0min22sec,7,1860,-2.138,12.029
0min22sec,7,1870,-2.141,12.028
0min22sec,7,1880,-2.136,12.028
0min22sec,7,1890,-2.129,12.027
0min22sec,7,1900,-2.126,12.027
0min22sec,7,1910,-2.124,12.026
0min22sec,7,1920,-2.120,12.026
0min22sec,7,1930,-2.113,12.025
0min22sec,7,1940,-2.103,12.024
0min22sec,7,1950,-2.101,12.024
0min22sec,7,1960,-2.101,12.024
0min22sec,7,1970,-2.099,12.023
0min22sec,7,1980,-2.095,12.023
0min22sec,7,1990,-2.099,12.023
0min22sec,7,2000,-2.106,12.024
0min22sec,7,2010,-2.107,12.024
0min22sec,7,2020,-2.110,12.024
0min23sec,7,2030,-2.120,12.025
0min23sec,7,2040,-2.129,12.026
0min23sec,7,2050,-2.139,12.027
0min22sec,7,2060,-2.135,12.027
0min22sec,7,2070,-2.135,12.027
0min22sec,7,2080,-2.136,12.026
0min22sec,7,2090,-2.133,12.026
0min22sec,7,2100,-2.133,12.026
0min22sec,7,2110,-2.136,12.025
0min22sec,7,2120,-2.135,12.025
0min22sec,7,2130,-2.137,12.025
0min23sec,7,2140,-2.137,12.025
0min22sec,7,2150,-2.140,12.025
0min22sec,7,2160,-2.144,12.025
0min22sec,7,2170,-2.149,12.025
0min22sec,7,2180,-2.150,12.025
0min22sec,7,2190,-2.153,12.025
0min22sec,7,2200,-2.153,12.025
0min22sec,7,2210,-2.157,12.025
0min22sec,7,2220,-2.158,12.025
0min22sec,7,2230,-2.163,12.026
0min23sec,7,2240,-2.172,12.026
0min23sec,7,2250,-2.178,12.027
0min22sec,7,2260,-2.178,12.026
0min22sec,7,2270,-2.176,12.026
0min22sec,7,2280,-2.178,12.026
0min22sec,7,2290,-2.179,12.026
0min22sec,7,2300,-2.183,12.026
0min22sec,7,2310,-2.186,12.026
0min22sec,7,2320,-2.189,12.026
0min21sec,7,2330,-2.188,12.026
0min21sec,7,2340,-2.184,12.026
0min22sec,7,2350,-2.181,12.025
0min22sec,7,2360,-2.179,12.025
0min22sec,7,2370,-2.184,12.025
0min22sec,7,2380,-2.186,12.025
0min22sec,7,2390,-2.185,12.025
0min22sec,7,2400,-2.186,12.026
0min22sec,7,2410,-2.187,12.026
0min22sec,7,2420,-2.187,12.026
0min22sec,7,2430,-2.196,12.027
0min22sec,7,2440,-2.204,12.028
0min22sec,7,2450,-2.206,12.028
0min22sec,7,2460,-2.211,12.028
0min22sec,7,2470,-2.209,12.028
0min22sec,7,2480,-2.205,12.027
0min22sec,7,2490,-2.204,12.027
42min51sec,8,0,-1.639,12.092
0min22sec,8,10,-2.121,12.007
0min22sec,8,20,-1.527,11.959
0min22sec,8,30,-1.412,11.955
0min25sec,8,40,-1.402,11.948
0min27sec,8,50,-1.326,11.944
0min27sec,8,60,-1.441,11.944
0min25sec,8,70,-1.473,11.953
0min25sec,8,80,-1.537,11.964
0min25sec,8,90,-1.568,11.969
0min25sec,8,100,-1.635,11.974
0min25sec,8,110,-1.794,11.982
0min27sec,8,120,-1.790,11.977
0min27sec,8,130,-1.741,11.973
0min26sec,8,140,-1.659,11.967
0min26sec,8,150,-1.634,11.965
0min24sec,8,160,-1.614,11.962
0min25sec,8,170,-1.603,11.959
0min24sec,8,180,-1.585,11.956
0min23sec,8,190,-1.598,11.955
0min31sec,8,200,-1.573,11.955
0min34sec,8,210,-1.540,11.955
0min33sec,8,220,-1.516,11.955
0min33sec,8,230,-1.484,11.955
0min32sec,8,240,-1.514,11.955
0min32sec,8,250,-1.533,11.957
0min32sec,8,260,-1.557,11.959
0min32sec,8,270,-1.591,11.961
0min32sec,8,280,-1.630,11.963
0min33sec,8,290,-1.694,11.968
0min32sec,8,300,-1.742,11.972
0min33sec,8,310,-1.746,11.971
0min34sec,8,320,-1.738,11.971
0min25sec,8,330,-1.732,11.971
0min25sec,8,340,-1.726,11.969
0min25sec,8,350,-1.707,11.968
0min25sec,8,360,-1.712,11.968
0min25sec,8,370,-1.711,11.968
0min25sec,8,380,-1.692,11.967
0min26sec,8,390,-1.683,11.968
0min26sec,8,400,-1.701,11.970
0min26sec,8,410,-1.699,11.972
0min26sec,8,420,-1.719,11.974
0min26sec,8,430,-1.721,11.975
0min26sec,8,440,-1.702,11.975
0min26sec,8,450,-1.722,11.978
0min26sec,8,460,-1.762,11.983
0min26sec,8,470,-1.807,11.989
0min26sec,8,480,-1.843,11.993
0min26sec,8,490,-1.850,11.994
0min26sec,8,500,-1.840,11.994
0min26sec,8,510,-1.838,11.995
0min26sec,8,520,-1.860,11.997
0min27sec,8,530,-1.884,11.999
0min26sec,8,540,-1.886,11.999
0min26sec,8,550,-1.882,11.998
0min26sec,8,560,-1.875,11.998
0min26sec,8,570,-1.860,11.996
0min26sec,8,580,-1.862,11.997
0min26sec,8,590,-1.856,11.996
0min26sec,8,600,-1.850,11.996
0min27sec,8,610,-1.857,11.996
0min26sec,8,620,-1.848,11.996
0min27sec,8,630,-1.855,11.996
0min26sec,8,640,-1.841,11.994
0min26sec,8,650,-1.825,11.992
0min26sec,8,660,-1.828,11.992
0min26sec,8,670,-1.812,11.991
0min26sec,8,680,-1.805,11.991
0min26sec,8,690,-1.800,11.991
0min26sec,8,700,-1.795,11.992
0min26sec,8,710,-1.785,11.992
0min26sec,8,720,-1.770,11.990
0min26sec,8,730,-1.768,11.990
0min26sec,8,740,-1.758,11.989
0min26sec,8,750,-1.749,11.988
0min26sec,8,760,-1.731,11.987
0min26sec,8,770,-1.732,11.987
0min26sec,8,780,-1.731,11.987
0min26sec,8,790,-1.721,11.987
0min25sec,8,800,-1.720,11.987
0min26sec,8,810,-1.709,11.986
0min26sec,8,820,-1.697,11.986
